# GO	NS	enrichment	name	ratio_in_study	ratio_in_pop	p_uncorrected	depth	study_count	p_fdr_bh	study_items
GO:0035195	BP	e	gene silencing by miRNA	28/239	579/20670	1.7620439695961158e-10	9	28	2.1921589025745278e-06	406881, 406885, 406890, 406892, 406910, 406932, 406955, 406965, 407007, 407014, 407016, 407034, 407054, 407055, 442898, 442919, 494337, 693141, 693178, 693189, 693198, 693201, 724022, 768218, 100126313, 100126327, 100302289, 100422915
GO:0070104	BP	e	negative regulation of interleukin-6-mediated signaling pathway	5/239	9/20670	2.405009660691999e-08	8	5	0.00014960362594334582	406881, 406885, 406910, 407054, 407055
GO:1903231	MF	e	mRNA binding involved in posttranscriptional gene silencing	16/239	266/20670	9.043490854370837e-08	6	16	0.00040044577503154066	406881, 406885, 406890, 406892, 406910, 406932, 406955, 407007, 407014, 407034, 407054, 407055, 442919, 494337, 693198, 724029
