# GO	NS	enrichment	name	ratio_in_study	ratio_in_pop	p_uncorrected	depth	study_count	p_fdr_bh	study_items
GO:0035195	BP	e	gene silencing by miRNA	17/107	579/20670	7.154837460285083e-09	9	17	8.901333284340672e-05	406887, 406941, 407001, 407020, 407044, 442897, 442913, 442914, 574507, 693139, 768220, 100126316, 100126347, 100302157, 100302175, 100302250, 106614088
GO:0005829	CC	p	cytosol	6/107	5301/20670	8.948886472487306e-08	2	6	0.0001613484230989461	246, 582, 7015, 23491, 340602, 440050
GO:0005515	MF	p	protein binding	41/107	12517/20670	3.708839706359944e-06	2	41	0.01642274221976183	246, 582, 632, 1285, 4017, 5199, 5426, 5989, 6580, 7015, 7448, 9048, 9389, 10620, 10847, 23117, 29935, 51206, 51750, 56971, 64090, 80714, 83463, 83650, 83850, 89887, 90060, 91156, 146212, 148979, 152138, 163688, 245711, 255043, 284297, 284346, 340602, 349334, 375346, 440050, 100132074
